Fund Name,P1,P2,P3,P4,P5,Topsis Score,Rank
M1,0.88,0.77,3.3,49.9,13.71,0.475100800275204,7
M2,0.61,0.37,4.1,63.8,17.22,0.5229988182770302,4
M3,0.68,0.46,5.8,55.7,15.66,0.5889750630966998,3
M4,0.65,0.42,3.5,34.7,9.82,0.23925810378710274,8
M5,0.93,0.86,5.0,55.3,15.52,0.6685887483978934,2
M6,0.91,0.83,3.2,50.6,13.89,0.49708959778897643,6
M7,0.91,0.83,4.6,64.3,17.66,0.7004577215087104,1
M8,0.92,0.85,5.3,36.5,10.89,0.5077545281634769,5
